idx,question,answer,final_decision,final_indicators
,"לפניך מוצגים שלושה קטעים היוצאים מקודקודי משולש כלשהו (המשולש מוסתר). האם ניתן לדעת בוודאות את סוג הקטעים המיוחדים (תיכון, חוצה זווית או גובה)?",הם גבהים כי הם היחידים שיכולים לצאת מהמשולש,2,"2.01, 2.06"
,"האם אפשר לגרור את קודקודי הצורות כך שכל צורה תהיה ריבוע? אם כן גררו אותם, והסבירו מה חיפשתם בכל צורה כדי להגיע לריבוע. אם לא, הסבירו למה.","כן, צריך 4 זוויות ישרות",2,"2.01, 2.07"
,הוכיחו שאם במרובע האלכסונים חוצים זה את זה אז המרובע הוא מקבילית.,כן אפשר לראות את זה בנתונים של אורכי האלכסונים החדשים ואת חצי האלכסונים אחרי כל פעולת גרירה,2,2.01
,מהן תכונותיו של המלבן?,מלבן הוא צורה ריבועית שיש בה כל שתי צלעות נגדיות שוות.,2,"2.01, 2.06, 2.08"
,"בגיאומטריה אחרת, השונה מהגיאומטריה האוקלידית, מישור פרויקטיבי הוא מישור המקיים את 5 האקסיומות הבאות:
1. יש לפחות ישר אחד.
2. דרך כל שתי נקודות שונות עובר ישר יחיד.
3. כל שני ישרים נחתכים לפחות בנקודה אחת.
4. על כל ישר יש לפחות 3 נקודות שונות.
5. אין ישר אשר כל נקודות נמצאות עליו.


האם בגיאומטריה הזו סכום הזוויות במשולש הוא 180°? נמקו את תשובתכם.
",לא כי לי יוצר לנו משולש אלה ריבוע וסכום הזוויות הוא 360,2,"2.01, 2.08"
,"דינה טוענת: ""שתי הצורות הנתונות הן מקביליות לאורך כל גרירה"".
האם דינה צודקת? הסבירו.
",הראתי דוגמא בה הפכתי את המקבילית לקו ישר.. במידה ונציג אותו בתלת מימד כן נראה מקבילית..,2,"2.01, 2.09"
,"ביישומון שלפניך מוצגות שתי צורות.האם אפשר לגרור את קודקודי הצורות כך שכל צורה תהיה ריבוע? אם כן גררו אותם, והסבירו מה חיפשתם בכל צורה כדי להגיע לריבוע. אם לא, הסבירו למה.","כן אפשר 
חפשתי צלעות שוות אחד לשני שיהיה לנו מרובע 
אורך בין כל שתי נקודות שווה ",2,"2.01, 2.07, 2.08, 2.14"
,האם יכולה להיות צורה עם ארבע זוויות ישרות שאינה מלבן? הסבירו.,"כל מרובע עם ארבע זוייות ישרות הוא מלבן , אבל מצולעים אחרים יכולים להיות ",2,"2.01, 2.02, 2.08"
,מהן תכונותיו של המלבן?,"2 זוגים מהצלעות שמקבילים ושווים זה לזה
כל הזוויות שווות ל 90 
",2,"2.01, 2.06, 2.08"
,כתבו לפחות 3 תכונות שקיימות במעויין.,"1- המיתרים מאונכים
2- יש שתי זוגות של צלעות שוות
3- סכום הזוויות הפנימיות שווה ל 360 
",2,"2.01, 2.06"
,אילו תכונות יש למשולש שווה שוקיים.,"שני צלעים/ שוקיים שווים 
האנך במשולש שווה שוקיים הוא גם חוצה זווית ותיכון 
הזווית שליד השוקיים שוות 
",2,"2.01, 2.06, 2.08"
,אילו תכונות יש למשולש שווה שוקיים.,"1. שני שוקיים שווים 
2. תיכון חוצה זוויות הראש והצלע שלבניו לחצי 
3. שני זוויות שוות ",2,"2.01, 2.06, 2.08"
,"דינה טוענת: ""שתי הצורות הנתונות הן מקביליות לאורך כל גרירה"".
האם דינה צודקת? הסבירו.
",כן - ההמשך של  צלעות שני המרובעים הם מקבילים לאורך כל גרירה,2,"2.01, 2.07, 2.08"
,"גאומטריה ספֵירִית היא סוג של גאומטריה לא אוקלידית, העוסקת בתכונות של ישרים על ספירה, כלומר מעטפת של כדור. בגאומטריה הספירית הקווים הישרים הם ""מעגלים גדולים"" - כאלה שרדיוסם שווה לרדיוס הכדור.
האם בגיאומטריה הזו סכום הזוויות במשולש הוא 180°? נמקו את תשובתכם.","בגאומטריה הספירית, סכום הזוויות במשולש גדול מ-180° מכיוון שהקווים הישרים הם מעגלים גדולים, ולכן המשטח הקמור של הספירה גורם להגדלת סכום הזוויות. כלומר צלעות המשולש הם מעגלים",5,"5.02, 5.12"
,"נתונים של משולשים ABC ו-A'B'C' כמתואר בציור. האם על פי הנתונים, ניתן לקבוע אם המשולשים חופפים ביניהם? אם כן, הוכיחו. אם לא- נמקו מדוע.","נראה כמו מעוין שקודקודיו (C,0), (C,0-), (0,C), (0,-C)
קו הראשון: y = x + c
y = x - c 
y = -x-c 
y = -x+c 
",5,"5.02, 5.12"
,"בגיאומטריה אחרת, השונה מהגיאומטריה האוקלידית, מישור פרויקטיבי הוא מישור המקיים את 5 האקסיומות הבאות:
1. יש לפחות ישר אחד.
2. דרך כל שתי נקודות שונות עובר ישר יחיד.
3. כל שני ישרים נחתכים לפחות בנקודה אחת.
4. על כל ישר יש לפחות 3 נקודות שונות.
5. אין ישר אשר כל נקודות נמצאות עליו.


האם בגיאומטריה הזו סכום הזוויות במשולש הוא 180°? נמקו את תשובתכם.
",לא כי אי אפשר לקבוע משלוש שזוויות שלו היא 180 כי מוגדר לנו ששני ישרים לחתכים בנקודה אחת וזה אל אפשרי במשולש  כי יש לני שני ישרים נחתכים בבשתי נקודות,5,"5.02, 5.12"
,"האם אפשר לגרור את קודקודי הצורות כך שכל צורה תהיה ריבוע? אם כן גררו אותם, והסבירו מה חיפשתם בכל צורה כדי להגיע לריבוע. אם לא, הסבירו למה.","כן, גררתי וראיתי שאפשר, זה באמת נהיה ריבוע",1,1.01
,האם ניתן לקבוע בוודאות את סוג המרובע על סמך תצפיותיך?,זה מרובע,1,1.04
,האם אפשר לגרור את קודקודי הצורות כך שכל צורה תהיה ריבוע?,לא יודעת איך לעשות את זה,1,1.04
,"נגדיר: ""ישר"" על פני כדור הוא מעגל שמרכזו במרכז הכדור. כמה ""ישרים"" עוברים דרך כל שתי נקודות על פני הכדור? הסבירו. ",ישר אחד,1,1.04
,האם ניתן לקבוע בוודאות את סוג המרובע על סמך תצפיותיך?,"אני לא יודעת, קשה לי",1,1.04
,"במערכת גיאומטרית נתונה האקסיומה: 
""שני קווים מקבילים אם ורק אם הם נחתכים בנקודה אחת בלבד"".
שרטטו מקבילית אפשרית על פי המערכת הגיאומטרית הנתונה.
",אי אפשר לצייר,1,1.04
,"""""""שתי הצורות הנתונות הן מקביליות לאורך כל גרירה"""".
 האם הטענה נכונה? הסבירו.""",הצורות אינן מקביליות בכלל,1,1.04
,"לפניך מוצגים שני אלכסונים של מרובע, אך הצורה עצמה מוסתרת.
באמצעות גרירת הקודקודים, בחן את התנהגות האלכסונים וענה על השאלות הבאות:
האם ניתן לקבוע בוודאות את סוג המרובע על סמך תצפיותיך?
אם אינך יכול לקבוע את סוג המרובע באופן חד-משמעי, פרט אילו נתונים נוספים נדרשים כדי לזהות את הצורה במדויק?","מקבילית
",1,1.04
,"לפניך מוצגים שני אלכסונים של מרובע, אך הצורה עצמה מוסתרת.
באמצעות גרירת הקודקודים, בחן את התנהגות האלכסונים וענה על השאלות הבאות:
האם ניתן לקבוע בוודאות את סוג המרובע על סמך תצפיותיך? הוכח את טענתך.
אם אינך יכול לקבוע את סוג המרובע באופן חד-משמעי, פרט אילו נתונים נוספים נדרשים כדי לזהות את הצורה במדויק?
",המרובע הוא מקבילית זאת לפי תכונת המקבילית שהאלכסונים חוצים זה את זה.,3,"3.02, 3.03, 3.06, 3.18"
,הוכיחו כי במלבן האלכסונים שווים זה לזה,חופפים את משולשKHJ למשולש HKI לפי צ.ז.צ,3,3.10
,"נתונים של משולשים ABC ו-A'B'C' כמתואר בציור. האם על פי הנתונים, ניתן לקבוע אם המשולשים חופפים ביניהם? אם כן, הוכיחו. אם לא- נמקו מדוע.",כן כי הזוית במשולש הכתום גם שווה 30 מעלות ואז יש צ.ז.צ,3,"3.03, 3.10"
,הוכיחו שאלכסוני הדלתון ניצבים זה לזה.,דרך זווית ישירה וחפיפת משולשים,3,3.10
,"""המעוין הוא דלתון מיוחד"". האם טענה זו נכונה? נמקו את קביעתכם.","כן, בנוסף לתכונות של דלתון, מעויין מחצה גם קוטר נוסף",3,"3.02, 3.04, 3.07, 3.18"
,האם כל מקבילית היא ריבוע? האם כל ריבוע הוא מקבילית? נמקו,"כל ריבוע הוא מקבילית כן - כי על מנת שיהיה ריבוע חייב שבו כל שני צלעות מקבילות שוות לכן כל ריבוע הוא מקבילית
אבל לא כל מקבילית הוא ריבוע - כי הריבוע כל הזוויות כן 90 ובמקבילית לא חייב שיהיה זווית 90 לכן לא כל מקבילית היא ריבוע ",3,"3.02, 3.03, 3.07, 3.18"
,"ביישומון שלפניך מוצגות שתי צורות.האם אפשר לגרור את קודקודי הצורות כך שכל צורה תהיה ריבוע? אם כן גררו אותם, והסבירו מה חיפשתם בכל צורה כדי להגיע לריבוע. אם לא, הסבירו למה.","במלבן  מספיק להגיע לצלעות שוות , במקבילות יש צורך להגיע לזוויות של 90 מעלות , יש למדוד",3,"3.02, 3.04, 3.07"
,הוכיחו למה במשולש קהה זווית לא יתכן שהגובה לצלע שיוצרת זווית קהה יהיה בתוך המשולש.,כי אם הוא היה בתוך המשולש אז היה נוצר משולש עם זוית ישרה וזוית קהה,3,"3.02, 3.03, 3.06, 3.10"
,הוכיחו שאם במרובע האלכסונים חוצים זה את זה אז המרובע הוא מקבילית.,"כיוון שהאלכסונים חוצים זה את זה, נוצרים משולשים חופפים לפי משפט צ.ז.צ. נובע מכך כי שני ישרים במרובע הם שווים כתוצאה מהחפיפה. וגם מקבלים שבמרובע שתי צלעות נגדיות מקבילות ושוות, ולכן המרובע הוא מקבילית.",3,3.10
,האם כל מקבילית היא ריבוע? האם כל ריבוע הוא מקבילית? נמקו,לא כל מקבילית היא ריבוע כי לא תמיד יש זוית ישרה אבל כל ריבוע הוא מקבילית,3,"3.02, 3.03, 3.07, 3.18"
,כתבו 2 תכונות שמשותפת לכל הריבועים אך לא משותפת לכל המעויינים. נמקו את בחירתכם.,"ארבע זוויות ישרות.
אלכסונים שווים זה לזה",3,"3.02, 3.06"
,האם כל מקבילית היא ריבוע? האם כל ריבוע הוא מקבילית? נמקו,כל ריבוע הוא מקבילית אבל לא כל מקבילית היא ריבוע,3,"3.02, 3.03, 3.07, 3.18"
,האם כל מקבילית היא ריבוע? האם כל ריבוע הוא מקבילית? נמקו,כל ריבוע הוא מקבילית כי יש לו תכונות של מקבילית. אבל לא כל מקבילית היא ריבוע כי לא תמיד יש זוויות ישרות,3,"3.02, 3.03, 3.07, 3.18"
,"""המעוין הוא דלתון מיוחד"". האם טענה זו נכונה? נמקו את קביעתכם.","כן, הגדרת הדלתון קיימת גם למעויין",3,"3.01, 3.09"
,"משולש ABC הוא ישר זווית (זווית B ישרה). הנקודה M היא אמצע הצלע AC, והנקודה D נמצאת על הצלע AB. הנקודות B,C,M,D נמצאות על מעגל שמרכזו N. הוכיחו: אורך הקטע AD שווה לקוטר המעגל.","אורך הקטע AD תמיד שווה לקוטר המעגל מכיוון שהזווית DMC ישרה כי המרובע BCMD בר חסימה. 
גם נתון ש AM שווה ל MC. אז DM הוא גובהה מאונך במשולש ADC, ז""א שהמשולש הוא שווה שוקיים. AD=DC",4,"4.05, 4.06"
,"לפי סכום זוויות במשולש, זווית C' היא בת 30° (180-70-80) ולכן המשולשים חופפים לפי משפט חפיפה צלע זווית צלע.","כן המשולשים חופפים, יש התאמה בין הצלעות AC= 'A'C= 12 וגם AB='A'B=14 וזווית CAB='A'C'B=30 כי הזווית A'C'B'= 180- 70-40=30 סכום זוויות המשולש 180",4,"4.05, 4.06, 4.08"
,הוכיחו כי במלבן האלכסונים שווים זה לזה,"על ידי חפיפת שני היושבים על בסיס המלבן צ-ז-צ
צלע משותפת
ז- זווית 90
צ- שני צלעות שוות מקביליות במלבן 
 לכן יוצא שהמיתר בשני המשולשים שווים והן האלכסונים",4,"4.05, 4.06, 4.08"
,הוכח כי סכום זוויות במחומש הוא 540°,מחלקים א המחומש לשלושה משולשים ואז סכום הזוויות 180 ועוד 180 ועוד 180,4,"4.05, 4.06, 4.08"
,"משולש ABC הוא ישר זווית (זווית B ישרה). הנקודה M היא אמצע הצלע AC, והנקודה D נמצאת על הצלע AB. הנקודות B,C,M,D נמצאות על מעגל שמרכזו N. הוכיחו: אורך הקטע AD שווה לקוטר המעגל. ","נתן שM הוא אמצע AC אז AM=MC 
המשולש ABC ישר זווית 
הנקודות נמצאות על המעגל BCDM נקודה M היא אמצע AC ויש קשר ישר בין MוN מרכז המעגל אפשר לשער שהמשולש ADM הוא גם ישר זווית D שווה ל 90 אז AD הוא קוטר.",4,"4.05, 4.06"
,הוכיחו שאם במרובע האלכסונים חוצים זה את זה אז המרובע הוא מקבילית.,חופפים את משולש ABE עם משולש CDE לפי צ.ז.זצ (צלעות נתונות של האלכסונים וזויות קדקודיות) ואז מקבלים זוויות מתחלפות שוות ולכן הצלעות מקבילות,4,4.06
,הוכח כי סכום זוויות במחומש הוא 540°,"מחלקים את המחומש ל3 משולשים, ואז סכום הזוויות הוא 180 כפול 3",4,4.06
,מהן תכונותיו של המלבן?,ארבע זוויות ישרות,3,3.04
,כתבו לפחות 3 תכונות שקיימות במעויין.,"כל הצלעות שוות, כל זוג צלעות נגדיות מקבילות, האלכסונים חוצים , האלכסונים מאונכים,כל שתי זויות צמודות שוות 180, האלכסונים חוצים את הזוויות ",2,"2.01, 2.06"
,"נתונים של משולשים ABC ו-A'B'C' כמתואר בציור. האם על פי הנתונים, ניתן לקבוע אם המשולשים חופפים ביניהם? אם כן, הוכיחו. אם לא- נמקו מדוע.","כן אפשר לפי צלע זווית צלע שני משולשים חופפים 
צלע 12 זווית 30 צלע 14",4,"4.05, 4.06"
,"האם אפשר לגרור את קודקודי הצורות כך שכל צורה תהיה ריבוע? אם כן גררו אותם, והסבירו מה חיפשתם בכל צורה כדי להגיע לריבוע. אם לא, הסבירו למה.","כן, צריך שכל הזויות יהיו שוות וצלעות נגדיות שוות זו לזו",2,"2.01, 2.02, 2.06, 2.07"
,גוף יכול להיות גם מנסרה וגם תיבה בו זמנית. האם טענה זו נכונה? נמק את דעתך.,זה נשמע הגיוני אבל לא בטוחה למה,1,1.04
,"""בגיאומטריה אחרת, השונה מהגיאומטריה האוקלידית, מישור פרויקטיבי הוא מישור המקיים את 5 האקסיומות הבאות:
 1. יש לפחות ישר אחד.
 2. דרך כל שתי נקודות שונות עובר ישר יחיד.
 3. כל שני ישרים נחתכים לפחות בנקודה אחת.
 4. על כל ישר יש לפחות 3 נקודות שונות.
 5. אין ישר אשר כל נקודות נמצאות עליו.
 
 
 האם בגיאומטריה הזו סכום הזוויות במשולש הוא 180°? נמקו את תשובתכם.""","סכום הזוויות במשולש אינו שווה ל 180 זאת בגלל שבגיאומטריה פרויקטיבית אין ישרים מקבילים כי כל שני ישרים נחתכים לפחות בנקודה אחת, המשולשים במישור אינם כפופים לכללי הגיאומטריה האוקלידית, ולכן סכום הזוויות במשולש יכול להיות 180",5,"5.02, 5.12"
,נתונה צורה עם ארבע צלעות שוות. האם היא בהכרח מעוין?,"לא. 
לא  בכרח היא מעיון ",1,1.04
,גוף יכול להיות גם מנסרה וגם תיבה בו זמנית. האם טענה זו נכונה? נמק את דעתך.,"אולי, אני לא בטוחה",1,1.04
,"במערכת גיאומטרית חדשה, קו ישר מוגדר כאוסף של נקודות (x,y) המקיימות את התנאי
c שווה ערך מוחלט של x ועוד ערך מוחלט של y.
כאשר c הוא מספר ממשי חיובי קבוע. 
תאר כיצד נראה ""קו ישר"" במערכת זו. 
",הוא נראה כמעוין,1,1.04
,מהן תכונותיו של המלבן? מנו תכונות רבות ככל האפשר.,"צורה סגורה ממשפחת המרובעים, כל הזוויות שלה שוות 90 מעלות וכל זוג צלעות מקבילות.במילים אחרות ניתן לומר שזו מקבילית בעלת זוית של 90 מעלות.
במלבן האלכסונים שווים זה לזה וחוצים זה את זה. הצלעות הנגדיות שוות זו לזו. ",3,"3.02, 3.04, 3.07, 3.18"
,כתבו לפחות 3 תכונות שקיימות במעויין.,"ארבע זוויות 90 מעלות
כל הצלעות שוות 
התיכונים במעויין מתחתכות
זוגות של צלעות נגדיות מקבילות",2,"2.01, 2.06, 2.08, 2.14"
,"""שתי הצורות הנתונות הן מקביליות לאורך כל גרירה"".
האם הטענה נכונה? הסבירו.
","כן, גררתי וראיתי שהן מקביליות",1,1.08
,"במערכת גיאומטרית נתונה האקסיומה: 
""שני קווים מקבילים אם ורק אם הם נחתכים בנקודה אחת בלבד"".
שרטטו מקבילית אפשרית על פי המערכת הגיאומטרית הנתונה.
","אז לפי ההגדרה שכל שני ישרים נחתכים בנקודה אחת בלבד אז הם מקבילים 
ולכן נציר שני ישרים שנחתכים רק בנקודה ",3,"3.01, 3.03"
,"אילו תכונות משותפות קיימות לשתי הצורות הנתונות (תכונות הנשמרות לאורך כל גרירה)?
","צלעות נגדיות מקבילות ושוות, זוויות ישרות",2,"2.01, 2.02, 2.06, 2.11"
,הוכיחו כי במשולש קהה זווית לא יתכן שהגובה לצלע שיוצרת זווית קהה יהיה בתוך המשולש.,,1,1.04
,"לפניך מוצגים שני אלכסונים של מרובע, אך הצורה עצמה מוסתרת.
באמצעות גרירת הקודקודים, בחן את התנהגות האלכסונים וענה על השאלות הבאות:
האם ניתן לקבוע בוודאות את סוג המרובע על סמך תצפיותיך?
אם אינך יכול לקבוע את סוג המרובע באופן חד-משמעי, פרט אילו נתונים נוספים נדרשים כדי לזהות את הצורה במדויק?
",מקבילית כי האלכסונים נפגשים באמצע,3,3.04
,"נתונים של משולשים ABC ו-A'B'C' כמתואר בציור. האם על פי הנתונים, ניתן לקבוע אם המשולשים חופפים ביניהם? אם כן, הוכיחו. אם לא- נמקו מדוע.",המשולשים לא - בכתום הזוויות השלישית היא כן 30 על ידי השלמת סכום זוויות המשלוש ל 180 נכון אבל המשולש הכחול לא אוכל לדעת סכום זוויות הבסיס כי לפי   ABC ו-A'B'C'  הם לא חופפים - הסדר של האותיות,3,"3.06, 3.16"
,"""גוף יכול להיות גם פאון וגם קוביה בו זמנית"". האם טענה זו נכונה? נמק את דעתך.","הטענה נכונה, כי קוביה היא סוג של פאון שבו כל הפאות הן ריבועים שווים. כל קוביה היא פאון, אך לא כל פאון הוא קוביה",3,"3.02, 3.03, 3.06, 3.18"
,מהן תכונותיו של המלבן?,כמו דף A4,1,1.01
,ביישומון שלפניך מוצגים שלושה קטעים היוצאים מקודקודי משולש כלשהו (המשולש מוסתר). האם ניתן לקבוע סוג המשולש (חד זווית / ישר זווית / קהה זווית) על סמך 2 או 3 קטעים? נמקו.,לא כי צריך ערך של זווית כדי לקבוע את סוג המשולש,2,"2.01, 2.07"
,"""גוף יכול להיות גם פאון וגם קוביה בו זמנית"". האם טענה זו נכונה? נמק את דעתך.",כן כי פאון הוא צורה הנדסית תלת מימדית שכל הצורות מבחוץ הן שטח לכן קובייה היא סוג של פאון אבל פאון לא יכול להיות קוביה כי קוביה פנויה משש קדקודים וחייבת להיות בצורה מסוימת,3,"3.02, 3.07, 3.18"
,"במערכת גיאומטרית חדשה אנו מגדירים את היחסים בין נקודות כך:
1. דרך שתי נקודות עובר אינסוף קווים.
2. קו מוגדר כמעגל שנסגר על עצמו.
האם מערכת זו עקבית (כלומר, ללא סתירה פנימית בהגדרות)? נמק את תשובתך.","כן, היחס הראשון לא מתנגד עם היחס השני.
ניתן לצייר אינסוף מעגלים דרך שתי נקודות.",5,5.12
,הוכיחו כי במשולש קהה זווית לא יתכן שהגובה לצלע שיוצרת זווית קהה יהיה בתוך המשולש.,"הראתי סרטוט למעלה...
מעבר לכך אולי על ידי השלמה למקבילית ומלבן..",2,2.01
,"לפניך מוצגים שני אלכסונים של מרובע, אך הצורה עצמה מוסתרת.
באמצעות גרירת הקודקודים, בחן את התנהגות האלכסונים וענה על השאלות הבאות:
האם ניתן לקבוע בוודאות את סוג המרובע על סמך תצפיותיך?
אם אינך יכול לקבוע את סוג המרובע באופן חד-משמעי, פרט אילו נתונים נוספים נדרשים כדי לזהות את הצורה במדויק?",זו מקבילית,1,1.04
,"ביישומון שלפניך מוצגות שתי צורות.האם אפשר לגרור את קודקודי הצורות כך שכל צורה תהיה ריבוע? אם כן גררו אותם, והסבירו מה חיפשתם בכל צורה כדי להגיע לריבוע. אם לא, הסבירו למה.",כן ניתן לגרור הקודקודים ונקבל מרובע בגלל ששתי הצורות הן מקבלית.,3,"3.02, 3.20"
,אילו תכונות יש למשולש שווה שוקיים.,"הזויות בין הצלעות השוות לבסיס שוות  , הגובה,התיכון וחוצה מזווית הראש מתלכדים ",2,"2.01, 2.06, 2.08"
,"""נניח שבדלתון ABCD מתקיים AB=AD וגם CB=CD. נקודת מפגש האלכסונים הינה O. 
 הוכחה: נחפוף את משולשים ABC,ADC לפי משפט חפיפה צ.צ.צ. מכאן שזווית BAC שווה לזווית DAC. כעת נחפוף את משולש ABO עם משולש ADO לפי משפט חפיפה צ.ז.צ ונקבל שזווית AOB שווה לזווית AOD. זוויות צמודות שוות זו לזו הן זוויות ישרות, ומכאן שאלכסוני הדלתון חופפים.""",חופפים משולשים,2,2.01
,הוכח כי סכום זוויות במחומש הוא 540°,נעביר הצורה לשני צורות משולש ומלבן ואז סכום זוויות המשולש 180 וזוויות המלבן 360 ואז ביחד זה יוצא 540,4,"4.05, 4.06"
,מהן תכונותיו של המלבן?,4 זוויות ישרות,3,3.04
,הוכח כי סכום זוויות במחומש הוא 540°,"נחלק את המחומש (5 צלעות) ל־3 משולשים על ידי שרטוט אלכסונים מקודקוד אחד:
3*180 = 540",4,"4.05, 4.06, 4.08"
,"לפניך מוצגים שני אלכסונים של מרובע, אך הצורה עצמה מוסתרת.
באמצעות גרירת הקודקודים, בחן את התנהגות האלכסונים וענה על השאלות הבאות:
האם ניתן לקבוע בוודאות את סוג המרובע על סמך תצפיותיך?
אם אינך יכול לקבוע את סוג המרובע באופן חד-משמעי, פרט אילו נתונים נוספים נדרשים כדי לזהות את הצורה במדויק?
",מקבילית כי תמיד האלכסונים חוצים זה את זה,3,"3.03, 3.04"
,מהן תכונותיו של המלבן? מנו תכונות רבות ככל האפשר.,"כל שתי צלעות נגדיות שוות ומקבילות אחת לשניה 
כל שתי צלעות שנפגשות יוצרות זווית ישרה
המיתרים חותכים אחד את השני לשני חלקים שווים
",2,"2.01, 2.02, 2.06, 2.08"
,"""גוף יכול להיות גם פאון וגם קוביה בו זמנית"". האם טענה זו נכונה? נמק את דעתך.","כן נכונה, כי כל קוביה היא פאון",3,"3.02, 3.18"
,מהן תכונותיו של המלבן?,"כל הזוויות שוות ל־90°
הצלעות הנגדיות שוות ומקבילות
האלכסונים שווים באורכם וחוצים זה את זה",2,"2.01, 2.02, 2.06, 2.08"
,"נתונים של משולשים ABC ו-A'B'C' כמתואר בציור. האם על פי הנתונים, ניתן לקבוע אם המשולשים חופפים ביניהם? אם כן, הוכיחו. אם לא- נמקו מדוע.","כן
AC = AC' = 12
∠ CAB = ∠ACB' = 30
AB = CB' = 14",3,3.10
,"לפניך מוצגים שני אלכסונים של מרובע, אך הצורה עצמה מוסתרת.
באמצעות גרירת הקודקודים, בחן את התנהגות האלכסונים וענה על השאלות הבאות:
האם ניתן לקבוע בוודאות את סוג המרובע על סמך תצפיותיך? הוכח את טענתך.
אם אינך יכול לקבוע את סוג המרובע באופן חד-משמעי, פרט אילו נתונים נוספים נדרשים כדי לזהות את הצורה במדויק?
","לפי דעתי זה יכול להיות  טרבז אבל לא בהכרח 
יכולה לקבוע  הצורה אם יש לי הנקודות עצמם ABCD ",2,2.02
,כתבו 2 תכונות שמשותפת לכל הריבועים אך לא משותפת לכל המעויינים. נמקו את בחירתכם.,"כל הזוויות ישרות וגם ב90 מעלות 
האלכסונים שווים באורך
הריבוע הוא מעויין מיוחד רק כל הזוויות ישרות והאלכסונים שווים באורך",3,"3.02, 3.03, 3.06, 3.07, 3.09, 3.18"
,"לפניך מוצגים שני אלכסונים של מרובע, אך הצורה עצמה מוסתרת.
באמצעות גרירת הקודקודים, בחן את התנהגות האלכסונים וענה על השאלות הבאות:
האם ניתן לקבוע בוודאות את סוג המרובע על סמך תצפיותיך?
אם אינך יכול לקבוע את סוג המרובע באופן חד-משמעי, פרט אילו נתונים נוספים נדרשים כדי לזהות את הצורה במדויק?",מקבילית,1,1.04
,האם ניתן לקבוע סוג המשולש על סמך 2 או 3 קטעים? נמקו.,אולי אם רואים את זה ברור יותר,1,1.04
,הוכיחו כי במלבן האלכסונים שווים זה לזה,חופפים משולשים,3,3.10
,"בגיאומטריה אחרת, השונה מהגיאומטריה האוקלידית, מישור פרויקטיבי הוא מישור המקיים את 5 האקסיומות הבאות:
1. יש לפחות ישר אחד.
2. דרך כל שתי נקודות שונות עובר ישר יחיד.
3. כל שני ישרים נחתכים לפחות בנקודה אחת.
4. על כל ישר יש לפחות 3 נקודות שונות.
5. אין ישר אשר כל נקודות נמצאות עליו.


האם בגיאומטריה הזו סכום הזוויות במשולש הוא 180°? נמקו את תשובתכם.","לא בגיאומטריה אחרת לא מתקיימות כל האקסיומות של גיאומטריה אוקלידית (כמו מקבילים), ולכן אין חובה שסכום זוויות במשולש יהיה 180°.",5,"5.02, 5.12"
,הוכיחו למה במשולש קהה זווית לא יתכן שהגובה לצלע שיוצרת זווית קהה יהיה בתוך המשולש.,כי אם הוא היה בתוך המשולש היה נוצר משולש עם זווית קהה וישרה וזה לא הגיוני,3,"3.02, 3.03, 3.06, 3.10"
,כתבו לפחות 3 תכונות שקיימות במעויין.,"1. כל צלעות שלו שוות 
2. האלכסונים שלו מאונכים זה את זה 
3. כל זווית שווה לזווית שמולה ",2,"2.01, 2.08"
,הוכיחו שאלכסוני הדלתון ניצבים זה לזה.,חופפים משולש ABC עם משולש ADC לפי צ.צ.צ (יש צלע משותפת) ואז מקבלים זווית A השמאלית שווה לזוית A הימנית ולכן ויש משולש שווה שוקים עם חוצה זווי הראש אז הוא גם גובה,4,"4.05, 4.06"
,הוכיחו שאם במרובע האלכסונים חוצים זה את זה אז המרובע הוא מקבילית.,אני יכולה להוכיח זאת על פי חפיפת משולשים להגיע לכך שהצלעות שוות ובמידה והצלעות הנגדיות שוות זו לזו אז זוי מקבילית...,3,3.10
,האם אפשר לגרור את קודקודי הצורות כך שכל צורה תהיה ריבוע?,לא ניסיתי,1,1.04
,הוכיחו שזוויות הבסיס של טרפז שווה שוקיים שוות זו לזו.,"נוריד גובה H1 מקודקוד D ל BC 
נוריד גובה H2 מקודקוד A ל BC 
מתקיים DA ∥ AB כי הם בסיס בטרפז 
ולכן הזווית DKA שווה לזווית MKA שוות ל 90 
והזווית KMD שווה ל 90 כי H2 הוא גובה ולכן הזווית הרביעית במרובע DMKA שווה ל 90 
ולכן המרובע שנוצר הוא מלבן כלומר AK שווה DM 
בנוסף נתון שטרפז שווה שוקיים ולכן AB = DC 
ולכן SIN של הזווית ABK שווה AK חלקי AB 
ו SIN של זווית DCB שווה ל DM חלקי DC 
ולכן שתי הזווית שוות -> זוויות הבסיס שוות 
",4,4.06
,"ביישומון שלפניך מוצגים שלושה קטעים היוצאים מקודקודי משולש כלשהו (המשולש מוסתר). האם ניתן לדעת בוודאות את סוג הקטעים המיוחדים (תיכון, חוצה זווית או גובה)?","כן לפי הישומון אפשר לדעת מה כל צלע 
למשל צלע שיוצא מנקודה A זה גובה כי הוא קו ישר ואי אפשר להפוך הצורה שלו ",2,"2.01, 2.03"
,"נתונים של משולשים ABC ו-A'B'C' כמתואר בציור. האם על פי הנתונים, ניתן לקבוע אם המשולשים חופפים ביניהם? אם כן, הוכיחו. אם לא- נמקו מדוע.","כן, לפי צץז.צ כי הזווית השלישית היא גם 30",3,"3.06, 3.10"
,"""המעוין הוא דלתון מיוחד"". האם טענה זו נכונה? נמקו את קביעתכם.",כן כי האלכסונים שלו מאונכים זה לזה,2,"2.01, 2.06, 2.07, 2.08, 2.14"
,"נגדיר: ""ישר"" על פני כדור הוא מעגל שמרכזו במרכז הכדור. כמה ""ישרים"" עוברים דרך כל שתי נקודות על פני הכדור? הסבירו.","בין כל שתי נקודות על הכדור עוברים אינסוף מעגלים ""ישרים"" 
דוגמא: המעגל הראשון הקוטר שלו הוא הקו בין הנקודה הראשונה לנקודה השנייה 
המעגל השני הקו בין הנקודה הראשונה לנקודה השנייה הוא מיתר ולא קוטר וכך דומה 
",3,3.22
,"במערכת גיאומטרית חדשה אנו מגדירים את היחסים בין נקודות כך:
1. דרך שתי נקודות עוברים אינסוף קווים.
2. קו מוגדר כמעגל שנסגר על עצמו.
האם מערכת זו עקבית (כלומר, ללא סתירה פנימית בהגדרות)? נמק את תשובתך.
","הקווים הם המעגלים שעוברים אינסוף פעמים... 
אני מדמיינת כדור שהנקודה הגבוה והנמוכה בו עוברים דרכם אינסוף קווים המוגדרים כמעגלים...",5,"5.02, 5.12"
,"נתונים של משולשים ABC ו-A'B'C' כמתואר בציור. האם על פי הנתונים, ניתן לקבוע אם המשולשים חופפים ביניהם? אם כן, הוכיחו. אם לא- נמקו מדוע.","יש להם שתי צלעות השוות בגודלן: 'AC=C'A' AB=C'B
 והזווית שביניהן גם שווה..
על פי צ.ז.צ",3,3.10
,"""שתי הצורות הנתונות הן מקביליות לאורך כל גרירה"".
האם הטענה נכונה? הסבירו.","כן הטענה נכונה, ניתן לראות שאחרי כל פעולת גרירה מקבלים שכל שתי צלעות מקבילות שוות זה לזה",3,3.04
,"הורדת שני גבהים מקדקדי הבסיס הקצר של הטרפז. נוצרים שני משולשים ישרי זווית ומלבן (כי יש לו שני זוגות של צלעות מקבילות + זווית ישרה). חופפים את שני המשולשים ישרי הזווית לפי משפטי חפיפה של משולשים ישרי זווית (שני משולשים ישרי זווית השווים בניצב וביתר, חופפים ביניהם). לכן זויות הבסיס שוות, כזוויות מתאימות במשולשים חופפים.","הורדת שני גבהים לטרפס נוצר שני מושלשים ישר זווית שבהם היתר והניצב (הגבהים) שווים בהתאם לכל משולש, אז המשולשים חופפים ויצא מכך שזוויות השוקיים ישרות",4,"4.05, 4.06, 4.08"
,"""שתי הצורות הנתונות הן מקביליות לאורך כל גרירה"".
האם הטענה נכונה? הסבירו.","כן, גררתי וראיתי שהן מקביליות",1,1.08
,"""גוף יכול להיות גם פאון וגם קוביה בו זמנית"". האם טענה זו נכונה? נמק את דעתך.","הגוף יכוך להיות פאון אבל לא תמיד יהיה קוביה באותו זמנית אז הטענה היא לא נכונה 
למשל בקבוק הוא פאון אבל לא קוביה ",3,3.07
,הוכיחו שזוויות הבסיס של טרפז שווה שוקיים שוות זו לזו.,"ABCD הוא טרפז שווה שוקיים
AD ו BC מקבילים זה לזה
נעביר גובהים משני הקודקודים העליונים אל הבסיס התחתון
נקרא לנקודות החיתוך של הגובהים עם הבסיס P ו Q
נוצרים שני משולשים ישרי זווית
נוכיח כי המשולשים APB ו DQC:
AP =DQ כי הם גובהים בכל משולש.
BP = CQ 
זוויות P = Q = 90
לכן המשולשים חופפים לפי צ.ז.צ
נקבל ש זוויות B = C
לכן זוויות הבסיס של טרפז שווה שוקיים שוות זו לזו.",4,"4.05, 4.06"
,"לפניך מוצגים שני אלכסונים של מרובע, אך הצורה עצמה מוסתרת.
באמצעות גרירת הקודקודים, בחן את התנהגות האלכסונים וענה על השאלות הבאות:
האם ניתן לקבוע בוודאות את סוג המרובע על סמך תצפיותיך?
אם אינך יכול לקבוע את סוג המרובע באופן חד-משמעי, פרט אילו נתונים נוספים נדרשים כדי לזהות את הצורה במדויק?",המרובע מקבילית,1,1.04
,כתבו 2 תכונות שמשותפת לכל הריבועים אך לא משותפת לכל המעויינים. נמקו את בחירתכם.,"כל שתי צלעות שנפגשות יוצרות ביניהן זווית 90. לא כל המעויינים יש להם זוויות 90
יש שתי זוגות של צלעות מקביליות. במעוין לא הכרחי להיות זוגות של צלעות שוות",2,"2.01, 2.02, 2.06, 2.08, 2.11"
,"""גוף יכול להיות גם מנסרה וגם תיבה בו זמנית"". האם טענה זו נכונה? נמק את דעתך.",כן כי תיבה היא גם מנסרה,3,"3.02, 3.03, 3.07, 3.18, 3.21"
,הוכיחו שאם במרובע האלכסונים חוצים זה את זה אז המרובע הוא מקבילית.,"נרשום קטע בין D ו C 
נרשום קטע בין A ו B 
נסתכל על המשולש AEB והמשולש DEC 
הזווית AEB שווה לזווית DEC הסבר: מקבילות בראש 
הצלע AE שווה לצלע EC נתון בשאלה 
הצלע DE שווה לצלע EB נתון בשאלה 
ולכן על פי (צלע, זווית, צלע) שני המשולשים חופפים 
ולכן מתקיים הזווית DCA שווה לזווית BAC 
וגם מתקיים הזווית CDE שווה לזווית ABE
ולכן הזוויות שוות מתחלפות אם ורק אם AB מקביל DC 
------
אותו רעיון להוכיח המשולש ECB והמשולש DEA
",4,"4.05, 4.06, 4.08"
,"נגדיר: ""ישר"" על פני כדור הוא מעגל שמרכזו במרכז הכדור. כמה ""ישרים"" עוברים דרך כל שתי נקודות על פני הכדור? הסבירו. ",יש אינסוף ישרים כי לבין מרכז המעגל ופני הכדור יש מלא נקודות,2,2.01
,כתבו 2 תכונות שמשותפת לכל הריבועים אך לא משותפת לכל המעויינים. נמקו את בחירתכם.,"כל הזוויות ישירות (90)
שני האלכסונים שווים
",3,3.06
,"האם אפשר לגרור את קודקודי הצורות כך שכל צורה תהיה ריבוע? אם כן גררו אותם, והסבירו מה חיפשתם בכל צורה כדי להגיע לריבוע. אם לא, הסבירו למה.","לא, לאחרי הגרירה הצורות מראות מעויין ולא ריבוע, מכיוון שבריבוע חייבות להיות זוויות ישרות. כדי להפוך את הצורה לריבוע, יש לוודא שכל הזוויות יהיו שוות (90)",2,"2.01, 2.07, 2.08"
,"במערכת גיאומטרית חדשה אנו מגדירים את היחסים בין נקודות כך:
1. דרך שתי נקודות עוברים אינסוף קווים.
2. קו מוגדר כמעגל שנסגר על עצמו.
האם מערכת זו עקבית (כלומר, ללא סתירה פנימית בהגדרות)? נמק את תשובתך.
",ברמה הבסיסית כן כי דרך שתי נקודות עוברים אינסוף מעגלים,5,"5.02, 5.12"
,"לפניך מוצגים שני אלכסונים של מרובע, אך הצורה עצמה מוסתרת.
באמצעות גרירת הקודקודים, בחן את התנהגות האלכסונים וענה על השאלות הבאות:
האם ניתן לקבוע בוודאות את סוג המרובע על סמך תצפיותיך? הוכח את טענתך.
אם אינך יכול לקבוע את סוג המרובע באופן חד-משמעי, פרט אילו נתונים נוספים נדרשים כדי לזהות את הצורה במדויק?
",הצורה היוצרת היא מקבילית כי כפי מה רואים בשרטוט האלכסונים חוצים זה את זה,3,3.04
,אילו תכונות משותפות למלבן וריבוע?,"זוגות של צלעות מקביליות ושוות 
זוויות פנימיות שוות 90
האלכסונים חותכים אחד את השני ויוצרים חלקים שווים",2,"2.01, 2.02, 2.11"
,"האם אפשר לגרור את קודקודי הצורות כך שכל צורה תהיה ריבוע? אם כן גררו אותם, והסבירו מה חיפשתם בכל צורה כדי להגיע לריבוע. אם לא, הסבירו למה.","כן אפשר, גררתי את הצורות וקבלתי ריבוע.",1,1.08
,הוכיחו כי במלבן האלכסונים שווים זה לזה,"המשולשים במלבן שיוצרים שני אלכסונים שונים הם חופפים לפי צלע זווית צלע ,  הזוית היא הזוית הישרה יש להם צלע משותפת וצלע נוספת שווה לפי הגדרת המלבן ",4,"4.06, 4.08"
,האם ניתן לקבוע סוג המשולש על סמך 2 או 3 קטעים? נמקו.,"כן, תלוי היכן והאם הם נפגשים (בתוך המשולש, בקדקוד שלו, או בכלל לא)",3,"3.02, 3.10"
,האם ניתן לקבוע סוג המשולש על סמך 2 או 3 קטעים? נמקו.,"כן אפשר לקבוע על פי 2 קטעים או 3 קטעים, אם נפגשים בקצה משולש ישר זווית אם לא נפגשים משולש קהה זווית אם נפגשים משולש חד זוויות",3,"3.02, 3.03, 3.06"
,"בגיאומטריה אחרת, השונה מהגיאומטריה האוקלידית, מישור פרויקטיבי הוא מישור המקיים את 5 האקסיומות הבאות:
1. יש לפחות ישר אחד.
2. דרך כל שתי נקודות שונות עובר ישר יחיד.
3. כל שני ישרים נחתכים לפחות בנקודה אחת.
4. על כל ישר יש לפחות 3 נקודות שונות.
5. אין ישר אשר כל נקודות נמצאות עליו.


האם בגיאומטריה הזו סכום הזוויות במשולש הוא 180°? נמקו את תשובתכם.
","כן 
 יש לפחות ישר אחד. 2. דרך כל שתי נקודות שונות עובר ישר יחיד. 3. כל שני ישרים נחתכים לפחות בנקודה אחת. ",1,1.04
,הוכיחו שאלכסוני הדלתון ניצבים זה לזה.,"נוכיח כי המשולשים AOD ו AOB חופפים:
הצלעים AB = AD (צלעות סמוכות בדלתון)
צלע AO הוא משותף לשני המשולשים
זווית: הזווית BAO = DAO
המשולשים AOD ו AOB חופפים לפי צ.ז.צ.
נקבל ש BOA = DOA וגם BO = DO
נסתכל על משולש ABD הוא משולש שווה שוקיים ו AO הוא חוצה את צלע BD במשולש לכן זווית BOA = DOA = 90
לכן אלכסוני הדלתון ניצבים זה לזה",4,"4.05, 4.06, 4.08"
,כתבו לפחות 3 תכונות שקיימות במעויין.,"המעויין הוא ריבוע - שבו כל הצלעות שוות 
גם כן האלכסוניםמאונכים
האלכסונים גם חוצים אחד השני לשני קטעים שווים ",2,"2.01, 2.06, 2.08"
,המעוין הוא דלתון מיוחד. האם טענה זו נכונה? נמקו את קביעתכם.,לא יודעת איך להסביר את זה,1,1.04
,"גאומטריה ספֵירִית היא סוג של גאומטריה לא אוקלידית, העוסקת בתכונות של ישרים על ספירה, כלומר מעטפת של כדור. בגאומטריה הספירית הקווים הישרים הם ""מעגלים גדולים"" - כאלה שרדיוסם שווה לרדיוס הכדור.
האם בגיאומטריה הזו סכום הזוויות במשולש הוא 180°? נמקו את תשובתכם.",לא כי המשלולש בגיומטריה החדשה הוא 3 מעגלים,5,"5.02, 5.12"
,הוכיחו שזוויות הבסיס של טרפז שווה שוקיים שוות זו לזו.,"אני יכולה להוכיח זאת על ידי הורדת גובהים מAD לCB 
כך שיווצרו משולשים שאותם שעל פי שתי צלעות שוות וזווית שווה אני יכולה להוכיח דמיון כך שהזוויות שוות...",4,4.06
,הוכיחו שאם במרובע האלכסונים חוצים זה את זה אז המרובע הוא מקבילית.,"כן, יש לנו שני זוגות של משולשים מנוגדים חופפים, נקבל זוויות זוויות חלופיות, נקבל שכל שני צלעות מנוגדים שווים ו מקבילים----> מרובע הוא מקבילית",4,"4.05, 4.06"
,"""גוף יכול להיות גם פאון וגם קוביה בו זמנית"". האם טענה זו נכונה? נמק את דעתך.",כן כי כל קוביה היא גם פאון,3,"3.02, 3.18"
,האם ניתן לקבוע סוג המשולש על סמך 2 או 3 קטעים? נמקו.,כי כי אם הם נחתכים בפנים אז חד זווית ואם בקדקוד אז ישר זווית ואם לא בכלל אז קהה זווית,3,"3.02, 3.03, 3.06, 3.10"
,מהן תכונותיו של המלבן? מנו תכונות רבות ככל האפשר.,"כל שתי צלעות מקבילות (צלע והצלע שממולה )
כל שתי צלעות מקבילות ושוות 
כל זווית במלבן שווה ל 90 
האלכסונים חוצים זה את זה ומאונכים",2,"2.01, 2.02, 2.06, 2.08"
,,ריבוע שאלכסוניו יושבים על הצירים האלכסונים נפגשים בראשית ואורכם 2C,5,"5.02, 5.12"
,אילו תכונות יש למשולש שווה שוקיים.,למשולש זה 2 צלעות שוות. חוצה הזווית שבין בצלעות השוות הוא גם אנך וגם תיכון. חוצה הצלעות השוות הוא מקביל לצלע שמולו ושווה לחצי.,2,"2.01, 2.06, 2.08"
,"משולש ABC הוא ישר זווית (זווית B ישרה). הנקודה M היא אמצע הצלע AC, והנקודה D נמצאת על הצלע AB. הנקודות B,C,M,D נמצאות על מעגל שמרכזו N. הוכיחו: אורך הקטע AD שווה לקוטר המעגל. ","DC הוא קוטר , כי הזווית ההיקפית שנשענת עליו היא זווית ישרה . מכאן נובע שגם זווית DMC היא ישרה , 
במשולש ADC ,הקטע DM הוא גובה לAC , והוא גם תיכון לפי נתון , ולכן המשולש הוא שווה שוקיים  כלמור AD=DC , אבל DC הוא קוטר ולכן גם AC שווה לקוטר",4,4.06
,הוכח כי סכום זוויות במחומש הוא 540°,ראה סרטוט,1,1.04
,הוכיחו כי במלבן האלכסונים שווים זה לזה,"המשולש KHI משולש ישר זווית (הזווית KHI שווה ל90 כי היא זווית במלבן) 
על פי פיתאגורס KI^2 = KH^2 + HI^2 
---
המושלש HIJ משולש שווה זווית (הזווית HIJ שווה ל 90 כי היא זווית במלבן)
על פי פיתאגורס HI^2 + IJ^2 = HJ^2 
----
מתקיים KH שווה ל IJ בגלל שני צלעות נגדיות שוות במלבן ולכן 
על פי שתי המשוואות 
HI שווה KI
",4,"4.05, 4.06, 4.08"
,מהן תכונותיו של המלבן?,"זוויות של 90 מעלות (כל שני צלעות סמוכים מאונכים
כל שני צלעות מנוגדים מקבלים ושווים 
אלכסונים שווים וחצות זה לזה",2,"2.01, 2.02, 2.06, 2.08"
,הוכיחו שאם במרובע האלכסונים חוצים זה את זה אז המרובע הוא מקבילית.,"אם האלכסונים חוצים זה את זה אז נוצר לנו שתי זוגות של משולשים דומים זאת אומרת שיש זוויות שוות בין כל שני משולשים דומים וזאת אותם תכונות של זוויות מתחלפות של שני קווים מקבילים הנחתכים על ידי ישר.
לכן יש לנו צלעות מקבילות ולכן המרובע שאלכסונו חוצים הוא מקבילית",4,"4.05, 4.06, 4.08"
,"במערכת גיאומטרית חדשה מוגדר קו ישר כמעגל.
האם ניתן להגדיר משולש במערכת זו? אם כן, כיצד? אם לא, מדוע?
",שלוש מעגלים,1,1.04
,"""שתי הצורות הנתונות הן מקביליות לאורך כל גרירה"".
האם הטענה נכונה? הסבירו.
",כן כי תמיד הצלעות הנגדיות שוות,3,"3.03, 3.04"
,מהן תכונותיו של המלבן? מנו תכונות רבות ככל האפשר.,"המלבן הוא מרבוע שבו כל שני צלעות מקבילות שוות 
יש בו זווית 90 ( מספיק זוווית אחת) ואז השאר כולן 90
האלכסונים נחתכים ושווים ",3,3.02
,"""גוף יכול להיות גם מנסרה וגם תיבה בו זמנית"". האם טענה זו נכונה? נמק את דעתך.",כן כי לכל גוף יש תכונות של מנסרה ותיבה,1,1.04
,מהן תכונותיו של המלבן?,"צלעות נגדיות מקביליות ושוות, עם זוויות ישרות",2,"2.01, 2.02, 2.06, 2.08"
,המעוין הוא דלתון מיוחד. האם טענה זו נכונה? נמקו את קביעתכם.,לא מכירה את המושגים האלה,1,1.04
,מהן תכונותיו של המלבן?,"1- הצלעות הנגדיות של המלבן שוות באורכן, ומקבילות זו לזו.
2- כל זוויותיו של המלבן שוות (90).",2,"2.01, 2.08"
,"נתונים של משולשים ABC ו-A'B'C' כמתואר בציור. האם על פי הנתונים, ניתן לקבוע אם המשולשים חופפים ביניהם? אם כן, הוכיחו. אם לא- נמקו מדוע.","ניתן לקבוע שהמשולשים חופפים .  ∠A'C'B'=180-80-70=30 ולכן שווה לזווית CAB
A'C'=CA=12' ו C'B'=AB=14 '  לכן לפי צ.ז.צ המשולשים A'C'B'≅CAB ",4,"4.06, 4.08"
,מהן תכונותיו של המלבן?,"אלכסונים שווים זה לזה, צלעות נגדיות שוות זו לזו",2,"2.01, 2.06, 2.08"
,מהן תכונותיו של המלבן? מנו תכונות רבות ככל האפשר.,"1. זווית שוות 90 
2. כל שני צלעים מקביליות אחד לשני שוות 
3. אלכסונים שווים ",2,"2.01, 2.08"
,"לפניך מוצגים שני אלכסונים של מרובע, אך הצורה עצמה מוסתרת.
באמצעות גרירת הקודקודים, בחן את התנהגות האלכסונים וענה על השאלות הבאות:
האם ניתן לקבוע בוודאות את סוג המרובע על סמך תצפיותיך? הוכח את טענתך.
אם אינך יכול לקבוע את סוג המרובע באופן חד-משמעי, פרט אילו נתונים נוספים נדרשים כדי לזהות את הצורה במדויק?
",התיכונים מתחלקים לשני קטעים שווים זו תכונה של מקבילית נכון אבל אני צריכה עוד נתון כדי לזהות הצורה הנכונה - לדוגמה או ששני צלעות מקבליות שוות או זוויות מתחלפות שוות - תכונה דרכה אוכל לזהות מקביליות .,2,"2.01, 2.07, 2.08, 2.14"
,"בגיאומטריה אחרת, השונה מהגיאומטריה האוקלידית, מישור פרויקטיבי הוא מישור המקיים את 5 האקסיומות הבאות:
1. יש לפחות ישר אחד.
2. דרך כל שתי נקודות שונות עובר ישר יחיד.
3. כל שני ישרים נחתכים לפחות בנקודה אחת.
4. על כל ישר יש לפחות 3 נקודות שונות.
5. אין ישר אשר כל נקודות נמצאות עליו.


האם בגיאומטריה הזו סכום הזוויות במשולש הוא 180°? נמקו את תשובתכם.
",כן סכום הזוויות הוא 180,1,1.04
,הוכח כי סכום זוויות במחומש הוא 540°,"בכל מחומש סכום הזוויות הפנימיות הוא 540 כי אפשר לחלק אותו לשלושה משולשים כל משולש שווה ל 180 
והמחומש נותן 3 משולשים אז 3*180= 540",4,"4.06, 4.08"
,"במערכת גיאומטרית נתונה האקסיומה: 
""שני קווים מקבילים אם ורק אם הם נחתכים בנקודה אחת בלבד"".
שרטטו מקבילית אפשרית על פי המערכת הגיאומטרית הנתונה.
",השני קווים יהיהו כמו צורת אקס X,3,3.22
,"לפניך מוצגים שני אלכסונים של מרובע, אך הצורה עצמה מוסתרת.
באמצעות גרירת הקודקודים, בחן את התנהגות האלכסונים וענה על השאלות הבאות:
האם ניתן לקבוע בוודאות את סוג המרובע על סמך תצפיותיך?
אם אינך יכול לקבוע את סוג המרובע באופן חד-משמעי, פרט אילו נתונים נוספים נדרשים כדי לזהות את הצורה במדויק?
","האלכסון הראשון חוצה האלכסון השני 
והאלכסון השני חוצה האלכסון הראשון 
ולכן המרובע הוא מקבילית 
",3,"3.03, 3.04"
,אילו תכונות משותפות למלבן וריבוע?,"זוויות 90
האלכסונים נחתכים ושווים 
מקביליות כל שני צלעות מקבילים",2,2.11
,שתי הצורות הנתונות הן מקביליות לאורך כל גרירה. האם הטענה נכונה? הסבירו.,"אולי, אבל לא בטוח",1,1.04
,"נגדיר: ""ישר"" על פני כדור הוא מעגל שמרכזו במרכז הכדור. כמה ""ישרים"" עוברים דרך כל שתי נקודות על פני הכדור? הסבירו.","אינסוף 
דרך כל שתי נקודות על פני כדור עובר בדיוק מעגל גדול אחד, אלא אם הן הפוכות",5,"5.02, 5.12"
,הוכיחו שאם במרובע האלכסונים חוצים זה את זה אז המרובע הוא מקבילית.,אם האלכסונים חוצים זה את זה במרובע אז יוצא לני שני משולשים דומים ולפי זה יהי לנו מקביליות,3,"3.02, 3.03, 3.06, 3.10"
,"""גוף יכול להיות גם מנסרה וגם תיבה בו זמנית"". האם טענה זו נכונה? נמק את דעתך.","טענה נכונה , תיבה היא סוג של מנסרה ומנסרה היא גוף שיש לו שני בסיסים זהים והצלעות הצדדיות שלו הן ישרות . 
ואם הבסיס במנסרה הוא מלבניי אז ניתן גם להיות תיבה .",3,"3.02, 3.18"
,"נגדיר: ""ישר"" על פני כדור הוא מעגל שמרכזו במרכז הכדור. כמה ""ישרים"" עוברים דרך כל שתי נקודות על פני הכדור? הסבירו. ","ישר אחד , בין כל שתי נקודות על פני הכדור יעבור מעגל אחד בלבד מרכזו במרכז הכדור והוא נחשב ישר",5,"5.02, 5.12"
,"""שתי הצורות הנתונות הן מקביליות לאורך כל גרירה"".
האם הטענה נכונה? הסבירו.
","נכון 
בצורה הראשונה כל שתי צלעות נגדיות מקבילות ושוות לפי ערך הזוויות 
בצורה הראשונה שכל שתי צלעות נגדיות שוות וכל שתי זוויות מקבילות שוות ובפרט שוות ל 90 
כל מלבן הוא מקבילית 
",3,"3.02, 3.18"
,הוכיחו שאם במרובע האלכסונים חוצים זה את זה אז המרובע הוא מקבילית.,אחד תכונות שמרובע יהיה מקבילית צריך שהאלכסונים יהיו חוצים זה לזה,2,"2.01, 2.07, 2.08"
,"נגדיר: ""ישר"" על פני כדור הוא מעגל שמרכזו במרכז הכדור. כמה ""ישרים"" עוברים דרך כל שתי נקודות על פני הכדור? הסבירו. ",ישר  אחד כי כל ישר שעובר דרך אותם נקודות הוא אותו ישר,2,2.01
,"לפניך מוצגים שלושה קטעים היוצאים מקודקודי משולש כלשהו (המשולש מוסתר). האם ניתן לדעת בוודאות את סוג הקטעים המיוחדים (תיכון, חוצה זווית או גובה)?","כן, הקטע היחיד שאפשר להיות מחוץ למשולש הוא גובה במשולש קהה זווית 
ולכן על פי הקטעים ניתן לקבוע את סוג הקטע 
",3,"3.02, 3.03, 3.06, 3.07"
,"""גוף יכול להיות גם פאון וגם קוביה בו זמנית"". האם טענה זו נכונה? נמק את דעתך.","לפי דעתי כן 
קובייה היא סוג של פאון בגלל שהיא פאון שבו כל הפאות הן ריבועים שווים, ולכן היא עומדת בכל ההגדרות של פאון.
כל קובייה היא פאון, אבל לא כל פאון הוא קובייה.",3,"3.02, 3.07, 3.18"
,הוכיחו שזוויות הבסיס של טרפז שווה שוקיים שוות זו לזו.,"GI=FH (נתון), הגובה מ F ל HI הוא אותה הגובה גם מ G (ישרים מקבלים) נקבל שני משולשים ישרי זוויות שהם גם חפפים (אפשר להוכיח לפי פיתאגורס או לפי שאולת הגבהים המשולש) מהחפיפה נקבל ש זווית H=I",4,"4.05, 4.06, 4.08"
,"משולש ABC הוא ישר זווית (זווית B ישרה). הנקודה M היא אמצע הצלע AC, והנקודה D נמצאת על הצלע AB. הנקודות B,C,M,D נמצאות על מעגל שמרכזו N. הוכיחו: אורך הקטע AD שווה לקוטר המעגל. ","זוויות m1וm2 הם שווים 90 מעלות כי הן סמוכות על הקוטר
וקטע am שווה ל mc
אז dm הוא גובה במשולש שווה שוקים לכן  ad=dc",3,3.10
,"במערכת גיאומטרית חדשה אנו מגדירים את היחסים בין נקודות כך:
1. דרך שתי נקודות עובר אינסוף קווים.
2. קו מוגדר כמעגל שנסגר על עצמו.
האם מערכת זו עקבית (כלומר, ללא סתירה פנימית בהגדרות)? נמק את תשובתך.","לא, משתי נקודות אפשר להעביר אין סוף מעגלים",3,3.22
,גוף יכול להיות גם מנסרה וגם תיבה בו זמנית. האם טענה זו נכונה? נמק את דעתך.,לא יודעת מה זה מנסרה,1,1.04
,"""גוף יכול להיות גם פאון וגם קוביה בו זמנית"". האם טענה זו נכונה? נמק את דעתך.","כן, כי קוביה היא תמיד גם פאון כי מורכבת מפאות",3,"3.02, 3.03, 3.07, 3.18"
,הוכיחו כי במשולש קהה זווית לא יתכן שהגובה לצלע שיוצרת זווית קהה יהיה בתוך המשולש.,"במשולש ישר זווית שתי הזוויות חדות , גובה יווצר משולש ישר זווית ולא יתכן שיש שיש זווית קהה ולכן לא בתוך המשושל",3,"3.02, 3.03, 3.06, 3.10"
,"במערכת גיאומטרית נתונה האקסיומה: 
""שני קווים מקבילים אם ורק אם הם נחתכים בנקודה אחת בלבד"".
שרטטו מקבילית אפשרית על פי המערכת הגיאומטרית הנתונה.
",שעון חול,3,3.22
,מהן תכונותיו של המלבן?,"כל שתי צלעות נגדיות מקבילות ושוות 
כל הזוויות שלו הם 90 דרגות 
שני האלכסונים שווים 
האלכסונים חוצים זה את זה
",2,"2.01, 2.08"
,"לפניך מוצגים שני אלכסונים של מרובע, אך הצורה עצמה מוסתרת.
באמצעות גרירת הקודקודים, בחן את התנהגות האלכסונים וענה על השאלות הבאות:
האם ניתן לקבוע בוודאות את סוג המרובע על סמך תצפיותיך?
אם אינך יכול לקבוע את סוג המרובע באופן חד-משמעי, פרט אילו נתונים נוספים נדרשים כדי לזהות את הצורה במדויק?","לא אי אפשר לקבוע סוג המרובע
כדי לדעת צריך שיהיה לי הפרטים הבאים:
האם האלכסונים מאונכים?
האם כל הצלעות שוות באורך?
האם כל הזוויות במרובע ישרות?",2,"2.01, 2.08"
,מהן תכונותיו של המלבן?,יש לו צורה של מלבן,1,1.04
,"במערכת גיאומטרית חדשה מוגדר קו ישר כמעגל.
האם ניתן להגדיר משולש במערכת זו? אם כן, כיצד? אם לא, מדוע?
",אפשר בגיאומטירה הזאת ליצור אבל בטח לא המשולשים שבגיאומטריה שיודעים אותה שמורכב משלושה צלעות כי פה הישר עצמו שונה והוא מעגל ולא ישר - צלע,5,"5.02, 5.12"
,הוכח כי סכום זוויות במחומש הוא 540°,לחלק אותו למשולש ו מרובע,2,"2.01, 2.08"
,"לפניך מוצגים שני אלכסונים של מרובע, אך הצורה עצמה מוסתרת.
באמצעות גרירת הקודקודים, בחן את התנהגות האלכסונים וענה על השאלות הבאות:
האם ניתן לקבוע בוודאות את סוג המרובע על סמך תצפיותיך?
אם אינך יכול לקבוע את סוג המרובע באופן חד-משמעי, פרט אילו נתונים נוספים נדרשים כדי לזהות את הצורה במדויק?
",מקבילית כי אלכסונים נחתכים באמצע,3,3.04
,הוכיחו כי במלבן האלכסונים שווים זה לזה,נוכיח דרך חפיפת משולשים יש צלע וזוית ועוד צלע ששוות בשני משולשים ואז נוביע מחפפית משולשים שהאלכסונים שווה זה לזה,3,3.10
,"נגדיר: ""ישר"" על פני כדור הוא מעגל שמרכזו במרכז הכדור. כמה ""ישרים"" עוברים דרך כל שתי נקודות על פני הכדור? הסבירו. ",איסוף ישרים,1,1.04
,האם ניתן לקבוע סוג המשולש על סמך 2 או 3 קטעים? נמקו.,"כן, זה תלוי איפה הגבהים נחתכים.
אם בקדקוד המשולש אז הוא ישר זווית
אם בתוך המשולש אז חד זווית.
אם לא נחתכים אז קהה זווית",3,"3.02, 3.03, 3.06, 3.10"
,האם ניתן לקבוע סוג המשולש על סמך 2 או 3 קטעים? נמקו.,אם הקטעים נחתכים בקדקוד המשולש אז הוא ישר זוית. אם לא נחתכים בכלל אז קהה זוית. אם נחתכים בתוך המשולש אז חד זוית,3,"3.02, 3.03, 3.06, 3.07"
,"לפניך מוצגים שני אלכסונים של מרובע, אך הצורה עצמה מוסתרת.
באמצעות גרירת הקודקודים, בחן את התנהגות האלכסונים וענה על השאלות הבאות:
האם ניתן לקבוע בוודאות את סוג המרובע על סמך תצפיותיך?
אם אינך יכול לקבוע את סוג המרובע באופן חד-משמעי, פרט אילו נתונים נוספים נדרשים כדי לזהות את הצורה במדויק?","מקבילית, כי שני האלכסונים חוצים זה את זה.",3,"3.03, 3.04"
,"גאומטריה ספֵירִית היא סוג של גאומטריה לא אוקלידית, העוסקת בתכונות של ישרים על ספירה, כלומר מעטפת של כדור. בגאומטריה הספירית הקווים הישרים הם ""מעגלים גדולים"" - כאלה שרדיוסם שווה לרדיוס הכדור.
האם בגיאומטריה הזו סכום הזוויות במשולש הוא 180°? נמקו את תשובתכם.","סכום הזוויות במשושל גדול מ180 , ,",1,1.04
,מהן תכונותיו של המלבן?,הוא ישר ונחמד כזה,1,1.04
,הוכיחו כי במלבן האלכסונים שווים זה לזה,"במלבן כל הזוויות ישרות 90 
כל שני צלעות מקבלות שוות 
נוצר שני משולשים מהאלכסונים ושני המשולשים חופפים לפי צלע זווית צלע ",4,"4.05, 4.06"
